order_id,date,product_name,category,price,discounted_price,units_sold,material_cost_total,other_cost_total,store_location,note
0,2025-01-07,Latte,Coffee,1200,,8,2800,624,Budapest,
0,2025-06-01,Latte,Coffee,1200,,1,350,61,Debrecen,
0,2025-05-24,Espresso,Coffee,750,647.0,18,3240,1854,Debrecen,promo
1,2025-02-10,Espresso,Coffee,750,,11,1980,935,BUDAPEST,
1,2025-04-08,Latte,Coffee,1200,1094.0,20,7000,1660,Szeged,
1,2025-04-07,Latte,Coffee,1200,928.0,20,7000,1920,Budapest,
2,2025-03-16,Americano,Coffee,900,,8,1600,496,Szeged,promo
2,2025-04-05,Cappuccino,Coffee,1100,,9,2880,1251,Budapest,
2,2025-05-17,Cappuccino,Coffee,1100,,6,1920,654,Debrecen, 
3,2025-01-15,Blueberry Muffin,Muffin,950,673.0,11,4620,1111,budapest,
3,2025-02-24,Blueberry Muffin,Muffin,950,,13,5460,1716,BUDAPEST, 
3,2025-05-24,Americano,Coffee,900,,19,3800,1976,Szeged,promo
4,2025-02-05,americano,Coffee,900,,3,600,438,Budapest, 
4,2025-06-24,Cappuccino,Coffee,1100,,3,960,297,Szeged,
4,2025-05-22,Chocolate Muffin,Muffin,950,,1,400,137,Debrecen,promo
5,2025-01-29,blueberry muffin,Muffin,950,,6,2520,648,BUDAPEST,
5,2025-05-10,Cappuccino,Coffee,1100,,10,3200,1310,budapest, 
5,2025-02-11,Blueberry Muffin,Muffin,950,,17,7140,850,Szeged,
6,2025-04-03,Latte,Coffee,1200,,10,3500,800,Debrecen,
6,2025-05-05,Latte,Coffee,1200,,18,6300,2664,Szeged,
6,2025-03-09,Cappuccino,Coffee,1100,,20,6400,2080,Debrecen, 
7,2025-04-13,Chocolate Muffin,Muffin,950,,12,4800,1272,Szeged,
7,2025-02-27,Americano,Coffee,900,635.0,18,3600,1422,Budapest,
7,2025-02-28,Espresso,Coffee,750,531.0,11,1980,649,BUDAPEST,holiday promo
8,2025-05-19,Americano,Coffee,900,840.0,19,3800,2337,Szeged,holiday promo
8,2025-01-25,Americano,Coffee,900,727.0,14,2800,1428,Budapest,
8,2025-04-14,Espresso,Coffee,750,,4,720,324,Debrecen,holiday promo
9,2025-04-19,Cappuccino,Coffee,1100,897.0,3,960,318,Debrecen,
9,2025-06-16,Espresso,Coffee,750,,1,180,61,budapest, 
9,2025-05-05,Vanilla Muffin,Muffin,900,,13,4940,741,Budapest,holiday promo
10,2025-04-27,Chocolate Muffin,Muffin,950,,18,7200,2412,budapest, 
10,2025-02-25,Chocolate Muffin,Muffin,950,,19,7600,2736,BUDAPEST,
10,2025-05-30,Espresso,Coffee,750,,17,3060,1190,Debrecen,
11,2025-01-18,Cappuccino,Coffee,1100,,8,2560,808,Debrecen, 
11,2025-06-02,Strawberry Donut,Donut,750,540.0,19,4940,2318,BUDAPEST, 
11,2025-03-03,Blueberry Muffin,Muffin,950,,5,2100,675,Szeged,promo
12,2025-01-03,Latte,Coffee,1200,,19,6650,1178,budapest,
12,2025-02-03,Chocolate Muffin,Muffin,950,,3,1200,243,budapest,holiday promo
12,2025-06-30,Chocolate Donut,Donut,750,,17,4590,867,Debrecen,promo
13,2025-02-04,Latte,Coffee,1200,,4,1400,580,BUDAPEST,promo
13,2025-02-23,Strawberry Donut,Donut,750,,7,1820,959,BUDAPEST,
13,2025-03-06,Classic Donut,Donut,700,,2,500,122,BUDAPEST,
14,2025-03-27,Espresso,Coffee,750,,9,1620,630,Debrecen,holiday promo
14,2025-01-03,chocolate donut,Donut,750,702.0,5,1350,595,BUDAPEST,
14,2025-02-07,Chocolate Donut,Donut,750,,2,540,178,Budapest,promo
15,2025-06-24,Americano,Coffee,900,653.0,18,3600,1836,budapest, 
15,2025-02-15,Cappuccino,Coffee,1100,,1,320,72,BUDAPEST,holiday promo
15,2025-03-10,Americano,Coffee,900,788.0,13,2600,702,budapest, 
16,2025-03-31,classic donut,Donut,700,,8,2000,624,budapest,holiday promo
16,2025-03-13,Blueberry Muffin,Muffin,950,,9,3780,846,Szeged,
16,2025-01-08,Blueberry Muffin,Muffin,950,895.0,6,2520,744,BUDAPEST,
17,2025-06-02,Latte,Coffee,1200,,11,3850,1155,Debrecen,
17,2025-05-28,Vanilla Muffin,Muffin,900,640.0,14,5320,700,Debrecen, 
17,2025-04-21,Blueberry Muffin,Muffin,950,823.0,11,4620,1419,Budapest,promo
18,2025-03-21,Chocolate Donut,Donut,750,,11,2970,1111,Debrecen, 
18,2025-04-18,Americano,Coffee,900,,13,2600,1768,budapest,
18,2025-03-19,Strawberry Donut,Donut,750,,1,260,88,Szeged,
19,2025-06-17,Strawberry Donut,Donut,750,,15,3900,1590,Debrecen,holiday promo
19,2025-06-18,Cappuccino,Coffee,1100,912.0,20,6400,1840,budapest,promo
19,2025-02-20,Americano,Coffee,900,640.0,16,3200,2048,Budapest,holiday promo
20,2025-06-11,Vanilla Muffin,Muffin,900,,13,4940,1469,budapest,
20,2025-04-19,Latte,Coffee,1200,1081.0,17,5950,1853,budapest,
20,2025-02-04,Classic Donut,Donut,700,,17,4250,2057,Szeged,
21,2025-04-20,Chocolate Donut,Donut,750,,18,4860,1926,Szeged,holiday promo
21,2025-03-05,Chocolate Muffin,Muffin,950,,9,3600,1332,Szeged, 
21,2025-04-23,Chocolate Muffin,Muffin,950,733.0,9,3600,828,Debrecen,
22,2025-02-08,Cappuccino,Coffee,1100,961.0,7,2240,406,BUDAPEST,
22,2025-04-17,Classic Donut,Donut,700,636.0,13,3250,1924,Budapest,
22,2025-05-03,Vanilla Muffin,Muffin,900,709.0,13,4940,1339,Debrecen,
23,2025-05-05,Americano,Coffee,900,728.0,1,200,99,Szeged, 
23,2025-02-02,Classic Donut,Donut,700,,18,4500,954,Debrecen,
23,2025-01-22,Espresso,Coffee,750,,5,900,545,BUDAPEST,holiday promo
24,2025-02-24,Blueberry Muffin,Muffin,950,,11,4620,1617,BUDAPEST,holiday promo
24,2025-01-21,Chocolate Muffin,Muffin,950,,18,7200,1008,BUDAPEST, 
24,2025-06-16,Latte,Coffee,1200,849.0,8,2800,600,Debrecen, 
25,2025-02-02,Americano,Coffee,900,,4,800,488,Szeged,promo
25,2025-02-12,Blueberry Muffin,Muffin,950,,4,1680,596,BUDAPEST,
25,2025-01-07,Strawberry Donut,Donut,750,,19,4940,2584,Szeged,holiday promo
26,2025-01-20,Americano,Coffee,900,,8,1600,504,BUDAPEST,
26,2025-05-25,Latte,Coffee,1200,,12,4200,1416,BUDAPEST,
26,2025-06-15,Chocolate Donut,Donut,750,,14,3780,1568,BUDAPEST,holiday promo
27,2025-04-22,Cappuccino,Coffee,1100,913.0,9,2880,1152,Debrecen,holiday promo
27,2025-04-22,Classic Donut,Donut,700,,19,4750,1596,budapest,
27,2025-04-26,Chocolate Muffin,Muffin,950,775.0,20,8000,2700,Budapest,holiday promo
28,2025-02-16,Blueberry Muffin,Muffin,950,,12,5040,996,Debrecen,promo
28,2025-01-03,Chocolate Donut,Donut,750,,7,1890,420,Szeged,holiday promo
28,2025-03-03,Chocolate Donut,Donut,750,,16,4320,1712,Budapest,promo
29,2025-04-14,Americano,Coffee,900,,10,2000,1340,Szeged,
29,2025-03-30,Chocolate Donut,Donut,750,,18,4860,1656,Szeged,promo
29,2025-03-06,Chocolate Muffin,Muffin,950,836.0,11,4400,715,budapest, 
30,2025-05-04,Americano,Coffee,900,,19,3800,2793,BUDAPEST,
30,2025-03-17,Americano,Coffee,900,670.0,1,200,140,BUDAPEST,
30,2025-05-22,Espresso,Coffee,750,,5,900,655,Szeged,
31,2025-05-27,Espresso,Coffee,750,,16,2880,1696,Budapest,promo
31,2025-01-30,Classic Donut,Donut,700,,13,3250,1456,Budapest, 
31,2025-05-25,Cappuccino,Coffee,1100,,3,960,243,Szeged,
32,2025-06-08,Strawberry Donut,Donut,750,623.0,15,3900,1590,Debrecen,holiday promo
32,2025-05-26,Chocolate Muffin,Muffin,950,,20,8000,2880,budapest, 
32,2025-06-19,Chocolate Muffin,Muffin,950,722.0,18,7200,1062,Szeged,holiday promo
33,2025-05-01,Strawberry Donut,Donut,750,,8,2080,688,Szeged,
33,2025-03-09,Americano,Coffee,900,,19,3800,2546,budapest,holiday promo
33,2025-05-20,Latte,Coffee,1200,885.0,9,3150,612,budapest,promo
34,2025-05-26,Strawberry Donut,Donut,750,,15,3900,975,BUDAPEST,holiday promo
34,2025-05-09,Chocolate Muffin,Muffin,950,,15,6000,900,Szeged,promo
34,2025-03-06,Strawberry Donut,Donut,750,568.0,19,4940,2375,BUDAPEST,
35,2025-02-14,Espresso,Coffee,750,,15,2700,1275,Debrecen,holiday promo
35,2025-01-24,Classic Donut,Donut,700,,14,3500,1288,Budapest, 
35,2025-04-16,Blueberry Muffin,Muffin,950,,10,4200,1340,Debrecen,
36,2025-01-23,Classic Donut,Donut,700,,11,2750,704,Szeged,
36,2025-06-18,Espresso,Coffee,750,,15,2700,1530,Debrecen,promo
36,2025-05-08,Strawberry Donut,Donut,750,,2,520,152,budapest,promo
37,2025-06-28,Classic Donut,Donut,700,,1,250,130,budapest, 
37,2025-05-22,Chocolate Muffin,Muffin,950,762.0,8,3200,512,Budapest, 
37,2025-03-16,Classic Donut,Donut,700,,9,2250,927,Szeged, 
38,2025-05-22,Classic Donut,Donut,700,523.0,20,5000,2300,budapest,
38,2025-04-17,Chocolate Muffin,Muffin,950,,17,6800,1428,BUDAPEST,promo
38,2025-05-29,Strawberry Donut,Donut,750,,16,4160,1104,Szeged,promo
39,2025-05-22,Blueberry Muffin,Muffin,950,,13,5460,1404,budapest, 
39,2025-04-09,Strawberry Donut,Donut,750,670.0,2,520,180,Szeged,holiday promo
39,2025-05-07,Cappuccino,Coffee,1100,,5,1600,570,BUDAPEST,
40,2025-01-26,Classic Donut,Donut,700,,15,3750,765,Szeged, 
40,2025-05-01,Latte,Coffee,1200,,9,3150,837,Szeged,
40,2025-06-22,Blueberry Muffin,Muffin,950,,13,5460,1170,Szeged,
41,2025-06-08,Espresso,Coffee,750,643.0,10,1800,790,Szeged,
41,2025-04-24,Latte,Coffee,1200,930.0,1,350,55,Budapest,promo
41,2025-04-06,Blueberry Muffin,Muffin,950,,8,3360,936,budapest, 
42,2025-01-21,Cappuccino,Coffee,1100,,13,4160,1677,Szeged,
42,2025-03-01,Cappuccino,Coffee,1100,,9,2880,972,Budapest,holiday promo
42,2025-06-23,Chocolate Muffin,Muffin,950,,3,1200,318,Debrecen,promo
43,2025-06-26,Vanilla Muffin,Muffin,900,,10,3800,750,Szeged,
43,2025-04-08,Americano,Coffee,900,,19,3800,1653,BUDAPEST,
43,2025-03-12,Vanilla Muffin,Muffin,900,825.0,2,760,254,BUDAPEST, 
44,2025-04-01,Strawberry Donut,Donut,750,561.0,9,2340,1224,budapest,
44,2025-03-21,Espresso,Coffee,750,,2,360,248,budapest,
44,2025-03-25,Chocolate Muffin,Muffin,950,,6,2400,450,Debrecen,promo
45,2025-05-09,Chocolate Donut,Donut,750,,6,1620,492,Szeged,promo
45,2025-01-30,Blueberry Muffin,Muffin,950,,3,1260,204,budapest,holiday promo
45,2025-04-04,Chocolate Donut,Donut,750,599.0,9,2430,1062,BUDAPEST,promo
46,2025-04-08,Strawberry Donut,Donut,750,,12,3120,756,Szeged,
46,2025-05-24,Strawberry Donut,Donut,750,,20,5200,1560,Szeged,promo
46,2025-01-30,Vanilla Muffin,Muffin,900,843.0,10,3800,1130,budapest,
47,2025-04-10,Cappuccino,Coffee,1100,,18,5760,1854,budapest,holiday promo
47,2025-05-06,Latte,Coffee,1200,,9,3150,486,budapest,holiday promo
47,2025-03-02,Classic Donut,Donut,700,,4,1000,548,BUDAPEST,
48,2025-03-12,Vanilla Muffin,Muffin,900,657.0,15,5700,915,Debrecen,
48,2025-03-27,Espresso,Coffee,750,549.0,19,3420,1444,Debrecen, 
48,2025-02-25,Strawberry Donut,Donut,750,,8,2080,736,Debrecen,
49,2025-02-07,Chocolate Muffin,Muffin,950,,18,7200,1476,Budapest,
49,2025-01-04,Cappuccino,Coffee,1100,,8,2560,1000,budapest,promo
49,2025-02-02,Espresso,Coffee,750,,17,3060,1088,Szeged,holiday promo
50,2025-05-12,Blueberry Muffin,Muffin,950,,15,6300,1710,Debrecen,
50,2025-03-19,Chocolate Donut,Donut,750,,1,270,57,Szeged,holiday promo
50,2025-05-06,Latte,Coffee,1200,,15,5250,885,BUDAPEST,
51,2025-01-17,Cappuccino,Coffee,1100,942.0,19,6080,2280,Szeged,
51,2025-03-17,Chocolate Donut,Donut,750,,20,5400,2100,Budapest,
51,2025-04-21,Americano,Coffee,900,,8,1600,816,Szeged,holiday promo
52,2025-01-25,Vanilla Muffin,Muffin,900,,11,4180,1485,budapest,holiday promo
52,2025-01-24,Latte,Coffee,1200,,3,1050,315,BUDAPEST, 
52,2025-01-16,Chocolate Donut,Donut,750,,18,4860,2178,Budapest,holiday promo
53,2025-06-20,Blueberry Muffin,Muffin,950,,14,5880,1988,BUDAPEST,
53,2025-04-01,Chocolate Muffin,Muffin,950,786.0,5,2000,670,Budapest,promo
53,2025-04-05,Chocolate Donut,Donut,750,577.0,8,2160,832,Debrecen,
54,2025-01-07,Chocolate Donut,Donut,750,,9,2430,477,BUDAPEST,promo
54,2025-01-02,Blueberry Muffin,Muffin,950,699.0,13,5460,754,Budapest,
54,2025-02-25,Chocolate Donut,Donut,750,,15,4050,1395,BUDAPEST,promo
55,2025-06-02,Strawberry Donut,Donut,750,535.0,6,1560,876,Budapest,promo
55,2025-06-19,Classic Donut,Donut,700,,20,5000,2120,budapest,
55,2025-03-30,Latte,Coffee,1200,,10,3500,1360,Szeged,
56,2025-01-12,Chocolate Muffin,Muffin,950,899.0,2,800,100,budapest, 
56,2025-03-16,Chocolate Muffin,Muffin,950,,1,400,113,budapest, 
56,2025-05-17,Vanilla Muffin,Muffin,900,,17,6460,2057,BUDAPEST,
57,2025-01-11,Vanilla Muffin,Muffin,900,,15,5700,885,Debrecen,holiday promo
57,2025-04-14,Strawberry Donut,Donut,750,,14,3640,1218,Budapest,promo
57,2025-06-08,Cappuccino,Coffee,1100,,12,3840,732,Budapest, 
58,2025-05-31,Vanilla Muffin,Muffin,900,,3,1140,300,BUDAPEST, 
58,2025-02-13,Blueberry Muffin,Muffin,950,815.0,17,7140,1955,BUDAPEST,promo
58,2025-03-02,Cappuccino,Coffee,1100,840.0,6,1920,762,Budapest, 
59,2025-04-29,Classic Donut,Donut,700,,19,4750,2033,Debrecen,
59,2025-06-10,Blueberry Muffin,Muffin,950,,15,6300,870,BUDAPEST,promo
59,2025-01-15,Strawberry Donut,Donut,750,,3,780,267,Budapest,
60,2025-03-15,Blueberry Muffin,Muffin,950,870.0,3,1260,384,Szeged,holiday promo
60,2025-05-22,Strawberry Donut,Donut,750,,2,520,214,Debrecen, 
60,2025-06-04,Blueberry Muffin,Muffin,950,,5,2100,285,BUDAPEST,
61,2025-06-15,Chocolate Donut,Donut,750,571.0,15,4050,1590,Debrecen, 
61,2025-04-06,Blueberry Muffin,Muffin,950,,13,5460,1326,Debrecen,
61,2025-01-17,Blueberry Muffin,Muffin,950,,18,7560,2448,BUDAPEST,
62,2025-03-27,Cappuccino,Coffee,1100,952.0,12,3840,1068,Szeged, 
62,2025-01-22,Strawberry Donut,Donut,750,,13,3380,1716,budapest,
62,2025-06-15,latte,Coffee,1200,,17,5950,1632,BUDAPEST, 
63,2025-03-29,Americano,Coffee,900,,16,3200,1184,budapest, 
63,2025-03-17,Latte,Coffee,1200,,4,1400,456,Debrecen,
63,2025-06-08,Blueberry Muffin,Muffin,950,754.0,6,2520,438,Debrecen, 
64,2025-01-12,Classic Donut,Donut,700,,8,2000,848,Szeged, 
64,2025-03-03,Chocolate Donut,Donut,750,,16,4320,1184,Debrecen,holiday promo
64,2025-03-14,Classic Donut,Donut,700,,17,4250,1989,budapest, 
65,2025-02-05,Strawberry Donut,Donut,750,,2,520,264,BUDAPEST,
65,2025-05-13,Latte,Coffee,1200,,10,3500,600,BUDAPEST,holiday promo
65,2025-02-07,Chocolate Donut,Donut,750,,3,810,234,BUDAPEST,
66,2025-01-14,Vanilla Muffin,Muffin,900,,12,4560,960,Budapest,promo
66,2025-01-08,Americano,Coffee,900,,4,800,564,budapest, 
66,2025-03-15,Espresso,Coffee,750,,16,2880,2224,Szeged,holiday promo
67,2025-01-02,Strawberry Donut,Donut,750,,1,260,82,budapest,
67,2025-05-16,Strawberry Donut,Donut,750,,10,2600,800,Budapest, 
67,2025-06-13,Vanilla Muffin,Muffin,900,,15,5700,870,Szeged,
68,2025-01-05,Chocolate Donut,Donut,750,,19,5130,1520,BUDAPEST,holiday promo
68,2025-06-07,Espresso,Coffee,750,,19,3420,1957,Budapest,
68,2025-01-18,Blueberry Muffin,Muffin,950,,18,7560,2052,Debrecen,
69,2025-04-10,Espresso,Coffee,750,,2,360,262,BUDAPEST,promo
69,2025-04-02,Espresso,Coffee,750,,12,2160,960,Budapest,
69,2025-02-04,Blueberry Muffin,Muffin,950,795.0,6,2520,894,Szeged, 
70,2025-01-17,Cappuccino,Coffee,1100,,15,4800,810,Budapest, 
70,2025-03-22,Espresso,Coffee,750,,17,3060,1700,Debrecen,holiday promo
70,2025-01-10,Chocolate Muffin,Muffin,950,,7,2800,602,Budapest,promo
71,2025-02-01,Chocolate Muffin,Muffin,950,,14,5600,1414,Szeged,promo
71,2025-05-08,Cappuccino,Coffee,1100,,12,3840,1392,Budapest,holiday promo
71,2025-04-21,Latte,Coffee,1200,,6,2100,714,Budapest,
72,2025-06-19,Blueberry Muffin,Muffin,950,,15,6300,1905,budapest,holiday promo
72,2025-04-25,Blueberry Muffin,Muffin,950,872.0,12,5040,1536,BUDAPEST,
72,2025-06-21,Latte,Coffee,1200,,12,4200,1380,budapest,
73,2025-06-05,Cappuccino,Coffee,1100,,15,4800,810,budapest,promo
73,2025-04-09,Blueberry Muffin,Muffin,950,,2,840,254,Szeged,promo
73,2025-04-24,Blueberry Muffin,Muffin,950,,19,7980,1273,Szeged,promo
74,2025-03-05,Chocolate Muffin,Muffin,950,,1,400,144,Debrecen,holiday promo
74,2025-01-31,Chocolate Donut,Donut,750,,9,2430,1260,Debrecen,promo
74,2025-02-21,Classic Donut,Donut,700,639.0,15,3750,1080,Szeged,
75,2025-06-20,Blueberry Muffin,Muffin,950,,3,1260,360,BUDAPEST, 
75,2025-04-03,Cappuccino,Coffee,1100,,4,1280,300,budapest,holiday promo
75,2025-04-03,Espresso,Coffee,750,,12,2160,1308,Debrecen, 
76,2025-01-23,Strawberry Donut,Donut,750,600.0,16,4160,1872,Szeged,
76,2025-02-02,Latte,Coffee,1200,,3,1050,321,Debrecen,promo
76,2025-05-22,Cappuccino,Coffee,1100,,6,1920,888,Szeged,
77,2025-02-01,Espresso,Coffee,750,,10,1800,710,budapest,promo
77,2025-03-14,Chocolate Donut,Donut,750,,9,2430,675,Debrecen,promo
77,2025-06-10,Cappuccino,Coffee,1100,,18,5760,1098,budapest,
78,2025-02-09,Strawberry Donut,Donut,750,642.0,20,5200,1860,Debrecen,
78,2025-01-21,Espresso,Coffee,750,645.0,19,3420,1577,Debrecen,holiday promo
78,2025-06-13,Strawberry Donut,Donut,750,692.0,18,4680,1566,BUDAPEST,holiday promo
79,2025-06-25,Americano,Coffee,900,,15,3000,885,budapest,holiday promo
79,2025-05-04,Vanilla Muffin,Muffin,900,,11,4180,1397,BUDAPEST,promo
79,2025-02-03,Vanilla Muffin,Muffin,900,,17,6460,2057,budapest,holiday promo
80,2025-03-10,Latte,Coffee,1200,,5,1750,310,Szeged,
80,2025-03-05,Vanilla Muffin,Muffin,900,,6,2280,546,BUDAPEST, 
80,2025-05-08,Cappuccino,Coffee,1100,,15,4800,1695,Szeged,
81,2025-04-11,Latte,Coffee,1200,,8,2800,616,Budapest,
81,2025-05-07,Chocolate Muffin,Muffin,950,,16,6400,1376,Budapest,holiday promo
81,2025-03-09,cappuccino,Coffee,1100,,13,4160,1248,Budapest,
82,2025-02-19,Chocolate Donut,Donut,750,,10,2700,590,Szeged,
82,2025-06-09,Chocolate Muffin,Muffin,950,,4,1600,264,Szeged,promo
82,2025-05-23,Blueberry Muffin,Muffin,950,,5,2100,375,Szeged,
83,2025-01-12,Espresso,Coffee,750,659.0,16,2880,1856,Debrecen,
83,2025-03-25,Cappuccino,Coffee,1100,,11,3520,770,Debrecen,promo
83,2025-03-28,Strawberry Donut,Donut,750,,17,4420,2006,Debrecen,promo
84,2025-01-05,Classic Donut,Donut,700,,4,1000,412,Budapest,
84,2025-03-09,Classic Donut,Donut,700,,19,4750,2337,Budapest,
84,2025-02-13,Classic Donut,Donut,700,,20,5000,2980,budapest, 
85,2025-05-27,espresso,Coffee,750,,4,720,296,BUDAPEST,holiday promo
85,2025-04-16,Cappuccino,Coffee,1100,,14,4480,1596,Szeged,
85,2025-05-13,Cappuccino,Coffee,1100,859.0,16,5120,1872,budapest,holiday promo
86,2025-03-29,Chocolate Donut,Donut,750,,9,2430,1152,budapest,promo
86,2025-03-18,Chocolate Donut,Donut,750,707.0,10,2700,1480,budapest,holiday promo
86,2025-05-03,Blueberry Muffin,Muffin,950,,9,3780,774,Debrecen,holiday promo
87,2025-03-30,vanilla muffin,Muffin,900,,5,1900,435,Budapest,promo
87,2025-06-17,Classic Donut,Donut,700,,16,4000,1232,Debrecen,promo
87,2025-06-28,Chocolate Donut,Donut,750,,4,1080,512,budapest, 
88,2025-06-21,Espresso,Coffee,750,,8,1440,1048,Budapest,holiday promo
88,2025-05-01,Blueberry Muffin,Muffin,950,848.0,1,420,120,budapest,holiday promo
88,2025-05-03,Classic Donut,Donut,700,,10,2500,910,Budapest,
89,2025-03-01,Strawberry Donut,Donut,750,,2,520,144,budapest,
89,2025-05-07,vanilla muffin,Muffin,900,799.0,10,3800,540,Debrecen,
89,2025-03-27,Latte,Coffee,1200,,18,6300,2106,budapest,
90,2025-03-11,Classic Donut,Donut,700,510.0,6,1500,858,BUDAPEST, 
90,2025-03-28,Espresso,Coffee,750,,19,3420,2584,budapest,
90,2025-04-20,Vanilla Muffin,Muffin,900,,3,1140,303,budapest, 
91,2025-03-24,Classic Donut,Donut,700,,1,250,83,Szeged,promo
91,2025-03-19,Blueberry Muffin,Muffin,950,,19,7980,969,BUDAPEST, 
91,2025-06-20,Espresso,Coffee,750,583.0,13,2340,1781,BUDAPEST,
92,2025-04-05,Chocolate Muffin,Muffin,950,,8,3200,536,Szeged,
92,2025-04-17,Blueberry Muffin,Muffin,950,,16,6720,2336,budapest, 
92,2025-01-21,Strawberry Donut,Donut,750,,17,4420,2380,Debrecen,
93,2025-05-21,Espresso,Coffee,750,,7,1260,861,budapest,promo
93,2025-04-24,Chocolate Donut,Donut,750,564.0,19,5130,2128,Debrecen,holiday promo
93,2025-04-27,Espresso,Coffee,750,603.0,19,3420,1083,BUDAPEST,
94,2025-03-07,Vanilla Muffin,Muffin,900,,7,2660,868,Szeged,promo
94,2025-05-19,latte,Coffee,1200,,3,1050,330,Szeged, 
94,2025-06-14,Cappuccino,Coffee,1100,,14,4480,1358,Szeged,holiday promo
95,2025-04-07,Vanilla Muffin,Muffin,900,847.0,18,6840,1206,BUDAPEST,
95,2025-05-18,Cappuccino,Coffee,1100,,5,1600,715,Budapest,
95,2025-04-29,Chocolate Muffin,Muffin,950,,18,7200,1872,budapest, 
96,2025-03-30,Classic Donut,Donut,700,523.0,4,1000,216,Szeged,
96,2025-03-03,Espresso,Coffee,750,544.0,2,360,214,Budapest, 
96,2025-04-13,Espresso,Coffee,750,,18,3240,1386,Budapest, 
97,2025-03-16,Chocolate Donut,Donut,750,697.0,19,5130,1710,BUDAPEST, 
97,2025-02-06,Chocolate Muffin,Muffin,950,,17,6800,1326,BUDAPEST,
97,2025-06-01,Chocolate Donut,Donut,750,,6,1620,780,Debrecen,holiday promo
98,2025-03-30,Espresso,Coffee,750,,13,2340,1950,Szeged,holiday promo
98,2025-03-18,Cappuccino,Coffee,1100,,18,5760,1980,budapest,promo
98,2025-04-29,Cappuccino,Coffee,1100,,18,5760,1836,Debrecen,
99,2025-04-10,Cappuccino,Coffee,1100,826.0,3,960,321,Budapest,
99,2025-01-14,americano,Coffee,900,,20,4000,2540,Budapest, 
99,2025-06-21,Strawberry Donut,Donut,750,,16,4160,1216,BUDAPEST,promo
100,2025-02-24,Espresso,Coffee,750,,4,720,580,Szeged, 
100,2025-06-30,Strawberry Donut,Donut,750,697.0,18,4680,1638,Szeged,holiday promo
100,2025-06-16,Chocolate Donut,Donut,750,,9,2430,864,Szeged,holiday promo
101,2025-05-01,Latte,Coffee,1200,,11,3850,836,Szeged,
101,2025-02-26,Strawberry Donut,Donut,750,,1,260,83,Debrecen,
101,2025-03-17,Vanilla Muffin,Muffin,900,704.0,13,4940,1586,Szeged,
102,2025-03-07,Blueberry Muffin,Muffin,950,,16,6720,2272,Szeged,holiday promo
102,2025-04-01,Cappuccino,Coffee,1100,968.0,16,5120,1168,Debrecen,
102,2025-01-09,chocolate donut,Donut,750,,3,810,405,Budapest,holiday promo
103,2025-06-11,Cappuccino,Coffee,1100,964.0,1,320,77,BUDAPEST,
103,2025-06-13,Strawberry Donut,Donut,750,,20,5200,2220,Budapest,
103,2025-05-22,Chocolate Donut,Donut,750,,1,270,117,Debrecen,promo
104,2025-05-09,Espresso,Coffee,750,,14,2520,1008,Budapest,
104,2025-03-03,Cappuccino,Coffee,1100,915.0,12,3840,1008,Budapest,promo
104,2025-04-28,Vanilla Muffin,Muffin,900,,8,3040,704,Budapest,
105,2025-04-14,Latte,Coffee,1200,,18,6300,1980,Budapest, 
105,2025-05-08,Latte,Coffee,1200,,11,3850,1342,Budapest,
105,2025-02-28,Espresso,Coffee,750,688.0,19,3420,2090,Budapest,promo
106,2025-05-25,chocolate donut,Donut,750,,6,1620,540,budapest,
106,2025-04-12,Cappuccino,Coffee,1100,,10,3200,700,Debrecen,holiday promo
106,2025-03-26,Chocolate Donut,Donut,750,,5,1350,690,Debrecen,promo
107,2025-01-26,Espresso,Coffee,750,,3,540,279,Debrecen,
107,2025-03-25,Vanilla Muffin,Muffin,900,691.0,15,5700,1680,Debrecen,holiday promo
107,2025-02-17,Vanilla Muffin,Muffin,900,,13,4940,780,BUDAPEST, 
108,2025-01-22,Latte,Coffee,1200,,13,4550,1833,budapest,holiday promo
108,2025-04-03,Blueberry Muffin,Muffin,950,666.0,10,4200,1060,BUDAPEST,
108,2025-01-23,Cappuccino,Coffee,1100,893.0,18,5760,2070,Budapest,
109,2025-05-22,blueberry muffin,Muffin,950,807.0,11,4620,1089,Szeged,holiday promo
109,2025-05-24,Latte,Coffee,1200,,8,2800,984,Szeged, 
109,2025-03-10,Cappuccino,Coffee,1100,,16,5120,1088,Szeged,promo
110,2025-03-18,Vanilla Muffin,Muffin,900,,3,1140,288,budapest,holiday promo
110,2025-06-07,Strawberry Donut,Donut,750,545.0,10,2600,500,BUDAPEST,
110,2025-03-26,Vanilla Muffin,Muffin,900,,14,5320,1862,budapest,promo
111,2025-06-04,Blueberry Muffin,Muffin,950,,7,2940,777,Szeged,promo
111,2025-06-27,Chocolate Muffin,Muffin,950,,19,7600,2850,Szeged,promo
111,2025-04-04,Vanilla Muffin,Muffin,900,757.0,19,7220,2261,Debrecen,
112,2025-02-23,Classic Donut,Donut,700,,10,2500,1380,Szeged,holiday promo
112,2025-06-12,Cappuccino,Coffee,1100,,9,2880,1206,Szeged,holiday promo
112,2025-04-25,Latte,Coffee,1200,,16,5600,1984,Debrecen,holiday promo
113,2025-01-10,Chocolate Donut,Donut,750,,12,3240,1668,Debrecen,
113,2025-01-28,Latte,Coffee,1200,,12,4200,852,Budapest,
113,2025-03-26,vanilla muffin,Muffin,900,,14,5320,882,BUDAPEST, 
114,2025-05-13,Chocolate Donut,Donut,750,,19,5130,1482,Szeged,holiday promo
114,2025-06-26,Strawberry Donut,Donut,750,,12,3120,636,BUDAPEST,holiday promo
114,2025-01-30,Latte,Coffee,1200,,5,1750,470,Szeged, 
115,2025-05-04,Chocolate Donut,Donut,750,,4,1080,424,Szeged,promo
115,2025-03-18,Latte,Coffee,1200,1053.0,1,350,93,budapest, 
115,2025-02-14,Chocolate Donut,Donut,750,,11,2970,1331,Szeged, 
116,2025-06-11,vanilla muffin,Muffin,900,774.0,14,5320,1400,Debrecen, 
116,2025-06-01,Classic Donut,Donut,700,,1,250,140,BUDAPEST,
116,2025-01-27,Strawberry Donut,Donut,750,,18,4680,1314,budapest,holiday promo
117,2025-03-09,Latte,Coffee,1200,,16,5600,1872,BUDAPEST,
117,2025-06-06,Vanilla Muffin,Muffin,900,,4,1520,376,Szeged,
117,2025-06-22,Cappuccino,Coffee,1100,,10,3200,1280,budapest,promo
118,2025-03-03,Latte,Coffee,1200,,6,2100,582,Debrecen,holiday promo
118,2025-06-02,Vanilla Muffin,Muffin,900,716.0,6,2280,672,budapest,
118,2025-05-06,Cappuccino,Coffee,1100,,6,1920,540,Debrecen,
119,2025-01-03,Blueberry Muffin,Muffin,950,,7,2940,693,Debrecen,holiday promo
119,2025-06-25,Vanilla Muffin,Muffin,900,,15,5700,1680,Debrecen,
119,2025-03-16,Americano,Coffee,900,681.0,10,2000,710,Debrecen,holiday promo
120,2025-05-11,Chocolate Donut,Donut,750,546.0,18,4860,1728,Budapest,holiday promo
120,2025-02-25,Chocolate Donut,Donut,750,,4,1080,576,budapest,promo
120,2025-04-26,Espresso,Coffee,750,,3,540,318,Budapest, 
121,2025-05-31,Americano,Coffee,900,,20,4000,2600,Debrecen, 
121,2025-02-22,Americano,Coffee,900,,19,3800,1786,Debrecen,
121,2025-03-24,Cappuccino,Coffee,1100,,10,3200,870,Debrecen,
122,2025-04-16,Cappuccino,Coffee,1100,,9,2880,1197,budapest, 
122,2025-03-24,Cappuccino,Coffee,1100,,13,4160,1456,BUDAPEST,holiday promo
122,2025-04-26,Vanilla Muffin,Muffin,900,809.0,3,1140,303,BUDAPEST,promo
123,2025-05-05,Classic Donut,Donut,700,,1,250,149,Budapest,holiday promo
123,2025-01-17,Blueberry Muffin,Muffin,950,,13,5460,1001,budapest,holiday promo
123,2025-03-24,Chocolate Muffin,Muffin,950,,11,4400,1320,Debrecen,holiday promo
124,2025-06-24,Blueberry Muffin,Muffin,950,,2,840,124,Szeged,
124,2025-02-10,Latte,Coffee,1200,,1,350,104,budapest,promo
124,2025-03-12,Cappuccino,Coffee,1100,869.0,3,960,291,budapest,
125,2025-06-10,Vanilla Muffin,Muffin,900,,8,3040,832,Budapest,
125,2025-05-03,Americano,Coffee,900,764.0,17,3400,2329,Budapest,promo
125,2025-04-19,Latte,Coffee,1200,,16,5600,944,Budapest,
126,2025-03-22,Latte,Coffee,1200,,10,3500,670,budapest, 
126,2025-05-16,Latte,Coffee,1200,,20,7000,2660,BUDAPEST, 
126,2025-04-16,Cappuccino,Coffee,1100,,15,4800,1155,Budapest, 
127,2025-05-31,Latte,Coffee,1200,,12,4200,1248,budapest, 
127,2025-06-15,Chocolate Muffin,Muffin,950,796.0,20,8000,2840,Budapest,promo
127,2025-05-13,Americano,Coffee,900,,7,1400,1015,Budapest, 
128,2025-04-09,Classic Donut,Donut,700,577.0,20,5000,1180,Budapest,promo
128,2025-02-03,Blueberry Muffin,Muffin,950,,19,7980,1957,budapest,holiday promo
128,2025-01-05,Latte,Coffee,1200,,1,350,83,Budapest,holiday promo
129,2025-03-15,Chocolate Donut,Donut,750,,17,4590,2516,Szeged,
129,2025-05-18,Chocolate Donut,Donut,750,,9,2430,540,Debrecen, 
129,2025-05-18,Cappuccino,Coffee,1100,,19,6080,2489,Budapest,promo
130,2025-03-03,Vanilla Muffin,Muffin,900,649.0,14,5320,896,Debrecen,
130,2025-06-20,chocolate muffin,Muffin,950,,6,2400,390,budapest,
130,2025-05-08,Cappuccino,Coffee,1100,,17,5440,1972,BUDAPEST, 
131,2025-02-02,Blueberry Muffin,Muffin,950,,9,3780,1287,Budapest,promo
131,2025-03-11,Vanilla Muffin,Muffin,900,,9,3420,1269,Budapest,holiday promo
131,2025-05-11,Classic Donut,Donut,700,,16,4000,1952,budapest,promo
132,2025-05-27,Latte,Coffee,1200,,4,1400,316,Budapest,
132,2025-03-04,Espresso,Coffee,750,593.0,5,900,360,Budapest,
132,2025-02-27,Vanilla Muffin,Muffin,900,,14,5320,1988,Budapest,
133,2025-01-31,Blueberry Muffin,Muffin,950,,2,840,144,Debrecen,
133,2025-01-18,Vanilla Muffin,Muffin,900,,10,3800,1490,BUDAPEST,
133,2025-04-27,Chocolate Donut,Donut,750,563.0,19,5130,2850,Debrecen, 
134,2025-04-05,Classic Donut,Donut,700,,16,4000,2368,Debrecen, 
134,2025-01-02,Cappuccino,Coffee,1100,,1,320,79,Budapest,promo
134,2025-06-18,Espresso,Coffee,750,,10,1800,630,budapest,holiday promo
135,2025-01-16,Classic Donut,Donut,700,,5,1250,705,Budapest, 
135,2025-04-16,Chocolate Donut,Donut,750,,12,3240,1296,Budapest,
135,2025-05-10,Latte,Coffee,1200,1086.0,3,1050,375,Szeged, 
136,2025-03-16,Americano,Coffee,900,,11,2200,1100,BUDAPEST,promo
136,2025-03-11,Classic Donut,Donut,700,655.0,5,1250,745,Budapest, 
136,2025-02-12,Latte,Coffee,1200,,11,3850,1122,BUDAPEST, 
137,2025-03-20,Classic Donut,Donut,700,,4,1000,244,BUDAPEST,
137,2025-02-25,Espresso,Coffee,750,,11,1980,748,budapest,promo
137,2025-05-12,Vanilla Muffin,Muffin,900,697.0,6,2280,318,Szeged,
138,2025-03-05,chocolate donut,Donut,750,544.0,5,1350,325,budapest, 
138,2025-04-13,Americano,Coffee,900,,3,600,372,Budapest,
138,2025-02-20,Latte,Coffee,1200,,15,5250,990,BUDAPEST,
139,2025-04-29,Espresso,Coffee,750,698.0,14,2520,1988,Budapest,holiday promo
139,2025-02-14,Vanilla Muffin,Muffin,900,,6,2280,510,budapest,
139,2025-06-08,Strawberry Donut,Donut,750,,10,2600,1130,Debrecen,holiday promo
140,2025-01-23,Espresso,Coffee,750,,5,900,515,Debrecen, 
140,2025-01-05,Chocolate Donut,Donut,750,,12,3240,1332,Szeged,promo
140,2025-05-09,strawberry donut,Donut,750,,9,2340,657,Debrecen, 
141,2025-03-13,Espresso,Coffee,750,711.0,17,3060,1615,budapest, 
141,2025-03-05,Latte,Coffee,1200,,9,3150,1062,Budapest, 
141,2025-04-10,Strawberry Donut,Donut,750,,6,1560,432,BUDAPEST,promo
142,2025-01-08,Strawberry Donut,Donut,750,,12,3120,1464,Debrecen, 
142,2025-05-19,Classic Donut,Donut,700,,16,4000,864,budapest,
142,2025-01-06,Americano,Coffee,900,,1,200,92,budapest, 
143,2025-02-15,blueberry muffin,Muffin,950,,11,4620,627,Debrecen, 
143,2025-05-15,Latte,Coffee,1200,,3,1050,291,Szeged,
143,2025-03-28,Latte,Coffee,1200,,5,1750,350,Szeged,holiday promo
144,2025-02-14,Blueberry Muffin,Muffin,950,,18,7560,2484,Debrecen,promo
144,2025-06-20,Americano,Coffee,900,,6,1200,588,BUDAPEST, 
144,2025-01-01,Cappuccino,Coffee,1100,,19,6080,1900,Debrecen,
145,2025-06-04,Cappuccino,Coffee,1100,,20,6400,1560,Budapest,holiday promo
145,2025-03-26,Cappuccino,Coffee,1100,,8,2560,752,budapest,
145,2025-04-25,Blueberry Muffin,Muffin,950,715.0,3,1260,282,Budapest,
146,2025-04-09,Espresso,Coffee,750,,14,2520,994,Szeged,holiday promo
146,2025-05-20,Blueberry Muffin,Muffin,950,,16,6720,2400,budapest, 
146,2025-01-19,classic donut,Donut,700,,2,500,174,BUDAPEST,
147,2025-03-29,Latte,Coffee,1200,953.0,3,1050,360,Budapest,promo
147,2025-06-07,Strawberry Donut,Donut,750,,1,260,105,budapest,
147,2025-02-10,Vanilla Muffin,Muffin,900,704.0,7,2660,714,Debrecen,promo
148,2025-03-18,Chocolate Muffin,Muffin,950,677.0,19,7600,2280,budapest,
148,2025-01-01,Blueberry Muffin,Muffin,950,,10,4200,1340,Szeged, 
148,2025-01-07,Latte,Coffee,1200,1031.0,3,1050,330,BUDAPEST,holiday promo
149,2025-05-06,Classic Donut,Donut,700,,9,2250,549,Szeged, 
149,2025-04-08,Blueberry Muffin,Muffin,950,,15,6300,825,Szeged,promo
149,2025-03-10,Americano,Coffee,900,,5,1000,730,Budapest,
150,2025-05-19,Blueberry Muffin,Muffin,950,,19,7980,1501,Szeged,
150,2025-05-18,Vanilla Muffin,Muffin,900,,16,6080,1968,Szeged,promo
150,2025-04-12,Latte,Coffee,1200,,2,700,228,Debrecen,
151,2025-02-07,Strawberry Donut,Donut,750,667.0,6,1560,426,budapest, 
151,2025-04-19,Espresso,Coffee,750,653.0,7,1260,910,Debrecen,promo
151,2025-01-18,Blueberry Muffin,Muffin,950,797.0,18,7560,1638,Debrecen,holiday promo
152,2025-06-29,Espresso,Coffee,750,,17,3060,2550,Szeged, 
152,2025-05-26,Cappuccino,Coffee,1100,,4,1280,252,Budapest,promo
152,2025-03-30,Chocolate Donut,Donut,750,,9,2430,891,Debrecen,
153,2025-01-10,Classic Donut,Donut,700,561.0,20,5000,2540,Szeged,
153,2025-03-26,Vanilla Muffin,Muffin,900,,2,760,290,BUDAPEST,promo
153,2025-03-28,Espresso,Coffee,750,,10,1800,890,Szeged,
154,2025-02-04,Americano,Coffee,900,,15,3000,2235,BUDAPEST,holiday promo
154,2025-06-15,Strawberry Donut,Donut,750,608.0,14,3640,2016,Debrecen,promo
154,2025-05-12,Espresso,Coffee,750,,3,540,267,Szeged, 
155,2025-05-26,Chocolate Donut,Donut,750,561.0,7,1890,399,Szeged,
155,2025-06-30,Blueberry Muffin,Muffin,950,752.0,15,6300,1710,Budapest,
155,2025-04-06,Americano,Coffee,900,,15,3000,1080,Szeged,
156,2025-03-31,Chocolate Donut,Donut,750,,9,2430,1305,Budapest,promo
156,2025-04-09,Espresso,Coffee,750,685.0,7,1260,546,budapest,promo
156,2025-05-12,Vanilla Muffin,Muffin,900,806.0,1,380,110,budapest,
157,2025-02-27,Espresso,Coffee,750,,10,1800,1410,BUDAPEST,holiday promo
157,2025-03-31,Vanilla Muffin,Muffin,900,,7,2660,763,Debrecen,
157,2025-05-30,Vanilla Muffin,Muffin,900,745.0,12,4560,1452,Debrecen,promo
158,2025-06-25,Chocolate Muffin,Muffin,950,680.0,9,3600,1179,BUDAPEST,promo
158,2025-02-18,Chocolate Muffin,Muffin,950,847.0,2,800,252,BUDAPEST, 
158,2025-06-17,Espresso,Coffee,750,,10,1800,830,Szeged,holiday promo
159,2025-05-30,Espresso,Coffee,750,,19,3420,1406,budapest,
159,2025-06-21,Classic Donut,Donut,700,,10,2500,710,Debrecen, 
159,2025-01-25,Chocolate Muffin,Muffin,950,,9,3600,1278,budapest,promo
160,2025-02-26,Latte,Coffee,1200,,10,3500,1030,BUDAPEST,promo
160,2025-05-30,Chocolate Muffin,Muffin,950,,4,1600,440,Debrecen,
160,2025-01-19,Strawberry Donut,Donut,750,,7,1820,798,Szeged,
161,2025-04-16,Chocolate Muffin,Muffin,950,868.0,5,2000,375,Debrecen,holiday promo
161,2025-03-22,Cappuccino,Coffee,1100,,6,1920,894,BUDAPEST, 
161,2025-06-12,Blueberry Muffin,Muffin,950,772.0,7,2940,1029,Debrecen, 
162,2025-01-23,Classic Donut,Donut,700,566.0,14,3500,1414,Szeged,holiday promo
162,2025-01-10,Espresso,Coffee,750,,12,2160,612,Debrecen, 
162,2025-06-23,Espresso,Coffee,750,663.0,8,1440,1104,BUDAPEST, 
163,2025-04-09,Latte,Coffee,1200,,10,3500,710,Budapest,promo
163,2025-04-27,Chocolate Muffin,Muffin,950,,20,8000,2340,budapest,promo
163,2025-04-02,classic donut,Donut,700,,6,1500,606,budapest, 
164,2025-01-06,Americano,Coffee,900,,6,1200,390,Budapest,holiday promo
164,2025-05-17,Chocolate Muffin,Muffin,950,,20,8000,1120,Budapest,
164,2025-04-17,Latte,Coffee,1200,,4,1400,480,budapest, 
165,2025-03-19,Espresso,Coffee,750,,4,720,536,Debrecen,
165,2025-04-18,Cappuccino,Coffee,1100,,4,1280,460,Budapest,promo
165,2025-01-28,Latte,Coffee,1200,,20,7000,1500,Debrecen, 
166,2025-06-30,Blueberry Muffin,Muffin,950,,6,2520,330,budapest,holiday promo
166,2025-03-02,Blueberry Muffin,Muffin,950,825.0,4,1680,492,budapest,
166,2025-01-20,Chocolate Donut,Donut,750,,4,1080,328,Szeged,promo
167,2025-04-29,Chocolate Muffin,Muffin,950,858.0,2,800,174,BUDAPEST,holiday promo
167,2025-01-25,Latte,Coffee,1200,,2,700,102,budapest,promo
167,2025-04-23,Blueberry Muffin,Muffin,950,,9,3780,1287,BUDAPEST, 
168,2025-04-13,Latte,Coffee,1200,,15,5250,1260,Szeged,holiday promo
168,2025-01-29,Cappuccino,Coffee,1100,970.0,6,1920,378,Debrecen,holiday promo
168,2025-06-23,Strawberry Donut,Donut,750,,20,5200,1960,Debrecen,
169,2025-05-04,Cappuccino,Coffee,1100,,4,1280,408,Budapest,promo
169,2025-01-04,Blueberry Muffin,Muffin,950,,17,7140,2516,Debrecen, 
169,2025-05-13,Blueberry Muffin,Muffin,950,,20,8400,1240,budapest,holiday promo
170,2025-06-19,Blueberry Muffin,Muffin,950,,13,5460,897,Debrecen,
170,2025-01-03,Espresso,Coffee,750,,6,1080,684,Szeged, 
170,2025-05-06,Latte,Coffee,1200,,11,3850,935,budapest,
171,2025-04-14,Vanilla Muffin,Muffin,900,,3,1140,324,Debrecen,holiday promo
171,2025-05-08,Latte,Coffee,1200,,4,1400,452,Budapest,
171,2025-04-16,Vanilla Muffin,Muffin,900,754.0,3,1140,381,BUDAPEST,
172,2025-02-22,Chocolate Donut,Donut,750,,15,4050,1395,Budapest, 
172,2025-03-26,Classic Donut,Donut,700,,20,5000,2520,BUDAPEST,holiday promo
172,2025-01-25,Latte,Coffee,1200,,8,2800,400,BUDAPEST,
173,2025-04-06,Chocolate Donut,Donut,750,,2,540,142,Szeged,
173,2025-06-06,Chocolate Muffin,Muffin,950,694.0,13,5200,1001,budapest,promo
173,2025-04-17,Latte,Coffee,1200,1030.0,19,6650,1235,Szeged,holiday promo
174,2025-05-10,strawberry donut,Donut,750,619.0,17,4420,2448,Szeged,
174,2025-05-11,Classic Donut,Donut,700,,6,1500,828,budapest,
174,2025-06-18,Vanilla Muffin,Muffin,900,,11,4180,1254,Szeged,
175,2025-03-12,Americano,Coffee,900,,11,2200,957,budapest, 
175,2025-06-04,Vanilla Muffin,Muffin,900,,17,6460,1496,Debrecen,promo
175,2025-06-11,Chocolate Donut,Donut,750,564.0,10,2700,1370,budapest, 
176,2025-05-19,Chocolate Donut,Donut,750,,11,2970,1540,BUDAPEST,
176,2025-05-30,Classic Donut,Donut,700,,14,3500,1904,Debrecen,promo
176,2025-01-04,Vanilla Muffin,Muffin,900,,1,380,98,Budapest, 
177,2025-02-11,Chocolate Muffin,Muffin,950,,9,3600,612,BUDAPEST, 
177,2025-01-09,Chocolate Donut,Donut,750,,15,4050,945,Debrecen, 
177,2025-04-10,Chocolate Donut,Donut,750,672.0,10,2700,1380,Szeged,holiday promo
178,2025-06-25,vanilla muffin,Muffin,900,,18,6840,1008,BUDAPEST, 
178,2025-04-24,Strawberry Donut,Donut,750,,12,3120,1752,Debrecen, 
178,2025-03-17,Americano,Coffee,900,,3,600,219,Debrecen,
179,2025-01-11,Vanilla Muffin,Muffin,900,,18,6840,1494,Debrecen,promo
179,2025-03-26,Espresso,Coffee,750,,5,900,275,BUDAPEST,
179,2025-06-10,Espresso,Coffee,750,,10,1800,1120,Debrecen,promo
180,2025-03-23,Latte,Coffee,1200,,6,2100,696,Debrecen, 
180,2025-05-20,Vanilla Muffin,Muffin,900,,3,1140,282,budapest,promo
180,2025-04-03,Blueberry Muffin,Muffin,950,,20,8400,2340,Debrecen,
181,2025-06-21,Latte,Coffee,1200,,8,2800,1056,Debrecen, 
181,2025-06-24,Espresso,Coffee,750,,13,2340,832,Debrecen,promo
181,2025-05-13,Espresso,Coffee,750,,12,2160,1380,Szeged,holiday promo
182,2025-03-17,Espresso,Coffee,750,,7,1260,637,Budapest, 
182,2025-05-17,Chocolate Donut,Donut,750,537.0,7,1890,959,Budapest, 
182,2025-06-29,Chocolate Donut,Donut,750,,14,3780,1848,Budapest, 
183,2025-04-28,Espresso,Coffee,750,,2,360,122,budapest,promo
183,2025-01-19,Chocolate Donut,Donut,750,,8,2160,664,Szeged,holiday promo
183,2025-03-22,Vanilla Muffin,Muffin,900,781.0,18,6840,900,Debrecen,
184,2025-01-12,Strawberry Donut,Donut,750,,3,780,285,Budapest,promo
184,2025-06-05,Chocolate Muffin,Muffin,950,847.0,15,6000,1470,Budapest,holiday promo
184,2025-05-17,Cappuccino,Coffee,1100,975.0,18,5760,1566,budapest,promo
185,2025-01-03,Blueberry Muffin,Muffin,950,,18,7560,1224,Budapest,
185,2025-04-11,Strawberry Donut,Donut,750,,3,780,267,BUDAPEST, 
185,2025-06-15,Vanilla Muffin,Muffin,900,,5,1900,350,Debrecen,promo
186,2025-01-30,Americano,Coffee,900,810.0,2,400,292,Debrecen,holiday promo
186,2025-01-19,Chocolate Donut,Donut,750,,3,810,246,Debrecen,holiday promo
186,2025-04-02,Blueberry Muffin,Muffin,950,821.0,4,1680,344,budapest,promo
187,2025-04-26,Classic Donut,Donut,700,,10,2500,1380,Debrecen,
187,2025-03-22,Blueberry Muffin,Muffin,950,,6,2520,300,budapest,holiday promo
187,2025-04-03,Chocolate Muffin,Muffin,950,839.0,16,6400,1744,BUDAPEST,holiday promo
188,2025-01-28,Chocolate Donut,Donut,750,639.0,9,2430,603,budapest,promo
188,2025-01-20,latte,Coffee,1200,,17,5950,2210,Debrecen,
188,2025-06-01,Vanilla Muffin,Muffin,900,638.0,9,3420,1071,Debrecen,holiday promo
189,2025-04-04,Cappuccino,Coffee,1100,,19,6080,2717,budapest,holiday promo
189,2025-05-11,Chocolate Donut,Donut,750,593.0,1,270,134,Debrecen, 
189,2025-02-05,Chocolate Donut,Donut,750,,6,1620,732,budapest,holiday promo
190,2025-01-11,Blueberry Muffin,Muffin,950,781.0,3,1260,249,Budapest, 
190,2025-04-03,chocolate donut,Donut,750,,15,4050,825,BUDAPEST,
190,2025-06-12,Chocolate Donut,Donut,750,,9,2430,1116,budapest,holiday promo
191,2025-04-04,Vanilla Muffin,Muffin,900,,3,1140,348,budapest,
191,2025-04-01,Vanilla Muffin,Muffin,900,,12,4560,1344,Debrecen,
191,2025-02-05,Chocolate Donut,Donut,750,,8,2160,472,BUDAPEST, 
192,2025-02-17,Cappuccino,Coffee,1100,936.0,4,1280,536,BUDAPEST,
192,2025-06-22,Classic Donut,Donut,700,,7,1750,875,Szeged,
192,2025-01-12,Americano,Coffee,900,763.0,5,1000,650,Debrecen, 
193,2025-02-12,Espresso,Coffee,750,,6,1080,696,Debrecen,
193,2025-06-19,Espresso,Coffee,750,,3,540,231,Szeged,holiday promo
193,2025-02-26,Cappuccino,Coffee,1100,,20,6400,1360,budapest,
194,2025-03-09,Chocolate Donut,Donut,750,654.0,15,4050,1890,budapest,holiday promo
194,2025-02-03,Vanilla Muffin,Muffin,900,676.0,17,6460,2329,budapest,
194,2025-02-15,latte,Coffee,1200,,20,7000,2520,Debrecen,
195,2025-01-24,Latte,Coffee,1200,,5,1750,635,Budapest,holiday promo
195,2025-04-18,Chocolate Donut,Donut,750,,2,540,278,budapest,holiday promo
195,2025-03-31,Vanilla Muffin,Muffin,900,,19,7220,1178,BUDAPEST,holiday promo
196,2025-01-22,Americano,Coffee,900,,18,3600,1836,Budapest,
196,2025-05-14,Strawberry Donut,Donut,750,526.0,7,1820,966,Szeged,promo
196,2025-02-09,Latte,Coffee,1200,,19,6650,1558,Debrecen,holiday promo
197,2025-04-04,Strawberry Donut,Donut,750,,13,3380,1898,Debrecen,
197,2025-02-15,Classic Donut,Donut,700,,18,4500,1998,BUDAPEST,
197,2025-06-30,Blueberry Muffin,Muffin,950,,5,2100,670,budapest,holiday promo
198,2025-01-26,Cappuccino,Coffee,1100,880.0,11,3520,1320,Budapest, 
198,2025-06-12,Vanilla Muffin,Muffin,900,650.0,5,1900,550,Szeged,
198,2025-03-09,Latte,Coffee,1200,864.0,2,700,284,Szeged,
199,2025-03-15,Chocolate Donut,Donut,750,,20,5400,1140,budapest,holiday promo
199,2025-01-03,Classic Donut,Donut,700,605.0,17,4250,1462,Debrecen,
199,2025-06-28,Chocolate Donut,Donut,750,557.0,2,540,192,Budapest, 
200,2025-03-12,Latte,Coffee,1200,,12,4200,1620,Debrecen, 
200,2025-01-04,Chocolate Donut,Donut,750,,3,810,183,Debrecen,
200,2025-03-30,Blueberry Muffin,Muffin,950,,9,3780,702,budapest,holiday promo
201,2025-05-28,Vanilla Muffin,Muffin,900,669.0,17,6460,1071,Debrecen,promo
201,2025-01-30,Blueberry Muffin,Muffin,950,,9,3780,1062,Debrecen,promo
201,2025-04-07,Classic Donut,Donut,700,,8,2000,1168,Szeged,holiday promo
202,2025-01-08,Strawberry Donut,Donut,750,,9,2340,522,budapest, 
202,2025-04-16,blueberry muffin,Muffin,950,,17,7140,2006,BUDAPEST, 
202,2025-01-24,Chocolate Muffin,Muffin,950,,11,4400,649,budapest,holiday promo
203,2025-04-01,Blueberry Muffin,Muffin,950,801.0,6,2520,870,budapest,holiday promo
203,2025-03-02,Americano,Coffee,900,,9,1800,684,budapest,
203,2025-02-09,Blueberry Muffin,Muffin,950,,4,1680,240,Szeged,
204,2025-05-19,Espresso,Coffee,750,,16,2880,1552,Szeged,
204,2025-05-06,Chocolate Muffin,Muffin,950,847.0,17,6800,1445,Debrecen, 
204,2025-05-15,espresso,Coffee,750,,16,2880,1904,BUDAPEST,holiday promo
205,2025-04-28,Cappuccino,Coffee,1100,,17,5440,1836,Budapest,
205,2025-04-08,Americano,Coffee,900,,11,2200,1056,BUDAPEST, 
205,2025-03-09,Chocolate Donut,Donut,750,613.0,20,5400,1860,Szeged,holiday promo
206,2025-04-18,Americano,Coffee,900,,12,2400,1152,BUDAPEST,holiday promo
206,2025-05-27,Cappuccino,Coffee,1100,928.0,8,2560,496,budapest,
206,2025-04-08,Vanilla Muffin,Muffin,900,810.0,5,1900,550,budapest,holiday promo
207,2025-02-04,Classic Donut,Donut,700,,17,4250,2006,Szeged,promo
207,2025-05-24,Chocolate Muffin,Muffin,950,,2,800,200,budapest,
207,2025-03-07,Americano,Coffee,900,,4,800,428,BUDAPEST,promo
208,2025-05-24,blueberry muffin,Muffin,950,,9,3780,846,Budapest,promo
208,2025-02-20,Strawberry Donut,Donut,750,,18,4680,1296,BUDAPEST,promo
208,2025-06-22,Blueberry Muffin,Muffin,950,,15,6300,900,BUDAPEST,holiday promo
209,2025-02-12,Cappuccino,Coffee,1100,,11,3520,1133,Debrecen,holiday promo
209,2025-01-21,Latte,Coffee,1200,908.0,11,3850,1463,BUDAPEST,
209,2025-03-11,Vanilla Muffin,Muffin,900,,12,4560,1740,Szeged,holiday promo
210,2025-02-17,Cappuccino,Coffee,1100,,5,1600,715,BUDAPEST,
210,2025-02-12,Americano,Coffee,900,,4,800,232,Szeged,
210,2025-01-07,Espresso,Coffee,750,,17,3060,2499,Budapest,promo
211,2025-02-09,Strawberry Donut,Donut,750,700.0,13,3380,1157,BUDAPEST,holiday promo
211,2025-02-03,cappuccino,Coffee,1100,,6,1920,318,BUDAPEST,promo
211,2025-04-30,Classic Donut,Donut,700,,18,4500,1512,budapest,
212,2025-06-01,Cappuccino,Coffee,1100,,19,6080,1995,Debrecen,promo
212,2025-05-04,Blueberry Muffin,Muffin,950,,3,1260,318,Szeged,promo
212,2025-03-19,Cappuccino,Coffee,1100,914.0,5,1600,470,Debrecen,
213,2025-05-03,Classic Donut,Donut,700,,14,3500,1218,Budapest,
213,2025-02-18,Blueberry Muffin,Muffin,950,,18,7560,1890,budapest,holiday promo
213,2025-02-26,Vanilla Muffin,Muffin,900,,14,5320,1820,Debrecen,promo
214,2025-06-16,Chocolate Muffin,Muffin,950,,9,3600,918,Budapest, 
214,2025-03-16,Cappuccino,Coffee,1100,895.0,15,4800,1260,Szeged, 
214,2025-01-05,Blueberry Muffin,Muffin,950,895.0,1,420,73,BUDAPEST,promo
215,2025-04-23,Cappuccino,Coffee,1100,,8,2560,488,Szeged, 
215,2025-04-18,Blueberry Muffin,Muffin,950,,16,6720,1552,Budapest,promo
215,2025-02-07,Latte,Coffee,1200,1073.0,3,1050,357,budapest,promo
216,2025-01-04,Vanilla Muffin,Muffin,900,803.0,8,3040,792,Szeged, 
216,2025-02-20,Espresso,Coffee,750,,4,720,464,budapest,holiday promo
216,2025-06-24,Vanilla Muffin,Muffin,900,,11,4180,770,Budapest,
217,2025-02-01,Chocolate Donut,Donut,750,,10,2700,750,Budapest, 
217,2025-03-02,Latte,Coffee,1200,,11,3850,561,BUDAPEST,
217,2025-04-12,Latte,Coffee,1200,,1,350,55,Szeged,
218,2025-04-06,Cappuccino,Coffee,1100,,8,2560,560,Debrecen,promo
218,2025-01-16,Espresso,Coffee,750,,5,900,695,Budapest, 
218,2025-03-01,Classic Donut,Donut,700,,18,4500,2700,BUDAPEST,holiday promo
219,2025-01-06,Americano,Coffee,900,,12,2400,1704,Budapest,holiday promo
219,2025-05-24,Classic Donut,Donut,700,,16,4000,1184,Debrecen,promo
219,2025-04-30,Blueberry Muffin,Muffin,950,,20,8400,2400,Debrecen, 
220,2025-03-17,Classic Donut,Donut,700,,18,4500,1728,Debrecen,holiday promo
220,2025-01-05,Cappuccino,Coffee,1100,,12,3840,1788,BUDAPEST,
220,2025-04-10,Chocolate Donut,Donut,750,653.0,18,4860,1242,BUDAPEST,holiday promo
221,2025-01-29,Blueberry Muffin,Muffin,950,821.0,2,840,132,Budapest, 
221,2025-05-05,Latte,Coffee,1200,850.0,13,4550,1742,Debrecen,
221,2025-01-13,Chocolate Muffin,Muffin,950,,20,8000,2820,budapest,holiday promo
222,2025-04-30,Latte,Coffee,1200,,2,700,192,Szeged,promo
222,2025-06-07,Espresso,Coffee,750,,2,360,286,BUDAPEST,
222,2025-05-13,Americano,Coffee,900,793.0,18,3600,1782,Debrecen, 
223,2025-06-10,Strawberry Donut,Donut,750,,18,4680,2610,Budapest,
223,2025-06-22,Blueberry Muffin,Muffin,950,,14,5880,882,budapest,
223,2025-05-10,Vanilla Muffin,Muffin,900,,6,2280,708,Szeged,promo
224,2025-05-21,Blueberry Muffin,Muffin,950,,11,4620,1067,Szeged,promo
224,2025-03-03,Strawberry Donut,Donut,750,,7,1820,686,BUDAPEST,promo
224,2025-04-25,classic donut,Donut,700,,1,250,142,BUDAPEST,
225,2025-05-13,Espresso,Coffee,750,692.0,1,180,88,budapest,promo
225,2025-06-26,Espresso,Coffee,750,,18,3240,2070,Debrecen, 
225,2025-01-10,Latte,Coffee,1200,,5,1750,335,Debrecen, 
226,2025-03-07,Americano,Coffee,900,,3,600,369,budapest,
226,2025-05-04,Blueberry Muffin,Muffin,950,861.0,19,7980,1178,BUDAPEST,
226,2025-04-08,Strawberry Donut,Donut,750,535.0,11,2860,1034,Szeged,holiday promo
227,2025-02-28,Latte,Coffee,1200,,20,7000,1020,Szeged,
227,2025-05-15,Chocolate Muffin,Muffin,950,793.0,5,2000,455,budapest, 
227,2025-06-22,Espresso,Coffee,750,,13,2340,1391,Debrecen,
228,2025-02-26,Latte,Coffee,1200,,13,4550,884,Budapest,holiday promo
228,2025-01-13,Strawberry Donut,Donut,750,,9,2340,540,Szeged, 
228,2025-05-04,Cappuccino,Coffee,1100,,16,5120,1600,budapest,
229,2025-05-15,Strawberry Donut,Donut,750,538.0,14,3640,1274,Debrecen,
229,2025-06-21,Latte,Coffee,1200,,12,4200,1128,BUDAPEST,
229,2025-03-20,Espresso,Coffee,750,591.0,15,2700,1935,Budapest, 
230,2025-06-25,Americano,Coffee,900,,3,600,192,budapest,
230,2025-03-15,Cappuccino,Coffee,1100,961.0,4,1280,356,Budapest,promo
230,2025-05-18,Americano,Coffee,900,753.0,9,1800,1080,budapest,
231,2025-05-30,Vanilla Muffin,Muffin,900,,17,6460,935,Budapest,promo
231,2025-06-28,Americano,Coffee,900,,2,400,218,Budapest,
231,2025-06-19,vanilla muffin,Muffin,900,,12,4560,756,Szeged, 
232,2025-05-11,Vanilla Muffin,Muffin,900,,4,1520,360,Debrecen,
232,2025-02-17,latte,Coffee,1200,1130.0,18,6300,2538,budapest,
232,2025-03-27,Chocolate Muffin,Muffin,950,,6,2400,312,BUDAPEST,promo
233,2025-03-02,Chocolate Muffin,Muffin,950,,17,6800,1445,BUDAPEST,holiday promo
233,2025-05-23,Espresso,Coffee,750,,8,1440,552,Szeged, 
233,2025-04-08,Latte,Coffee,1200,,20,7000,2600,Szeged, 
234,2025-02-09,Strawberry Donut,Donut,750,,10,2600,1270,Debrecen, 
234,2025-06-17,Americano,Coffee,900,752.0,7,1400,469,Debrecen, 
234,2025-02-07,Vanilla Muffin,Muffin,900,,19,7220,1330,Debrecen,
235,2025-02-17,latte,Coffee,1200,,5,1750,715,BUDAPEST,holiday promo
235,2025-03-19,Vanilla Muffin,Muffin,900,,9,3420,621,Budapest, 
235,2025-01-07,Cappuccino,Coffee,1100,,20,6400,2560,Debrecen,
236,2025-06-02,Americano,Coffee,900,785.0,12,2400,720,Szeged, 
236,2025-06-04,Chocolate Donut,Donut,750,,12,3240,876,Szeged,holiday promo
236,2025-02-11,Cappuccino,Coffee,1100,779.0,1,320,84,budapest, 
237,2025-01-17,Americano,Coffee,900,845.0,15,3000,1920,BUDAPEST,holiday promo
237,2025-04-20,Americano,Coffee,900,,2,400,254,Szeged,promo
237,2025-06-06,Vanilla Muffin,Muffin,900,,19,7220,2394,Budapest,
238,2025-04-26,Latte,Coffee,1200,,2,700,162,Szeged,
238,2025-04-10,Chocolate Donut,Donut,750,,2,540,148,Szeged,promo
238,2025-04-29,Chocolate Muffin,Muffin,950,735.0,2,800,276,budapest,holiday promo
239,2025-01-24,Classic Donut,Donut,700,,4,1000,292,Debrecen, 
239,2025-04-16,Vanilla Muffin,Muffin,900,,1,380,72,budapest,holiday promo
239,2025-03-06,Latte,Coffee,1200,,6,2100,846,Budapest,
240,2025-06-12,Classic Donut,Donut,700,,17,4250,2380,Debrecen,
240,2025-04-07,Cappuccino,Coffee,1100,,2,640,296,BUDAPEST,
240,2025-02-11,Cappuccino,Coffee,1100,,6,1920,888,Szeged,promo
241,2025-04-25,Chocolate Muffin,Muffin,950,,6,2400,390,budapest,
241,2025-03-06,Strawberry Donut,Donut,750,618.0,16,4160,1904,Debrecen,holiday promo
241,2025-02-25,Americano,Coffee,900,,16,3200,1728,Budapest,
242,2025-01-02,Strawberry Donut,Donut,750,628.0,20,5200,2600,budapest,
242,2025-02-07,Cappuccino,Coffee,1100,866.0,5,1600,270,Debrecen,promo
242,2025-01-23,Blueberry Muffin,Muffin,950,764.0,6,2520,420,Debrecen,
243,2025-05-24,Strawberry Donut,Donut,750,610.0,19,4940,1824,Budapest,promo
243,2025-04-05,Blueberry Muffin,Muffin,950,,3,1260,441,Debrecen,
243,2025-05-01,Chocolate Muffin,Muffin,950,830.0,9,3600,828,Debrecen, 
244,2025-06-06,Americano,Coffee,900,759.0,17,3400,1037,Debrecen,promo
244,2025-06-05,Vanilla Muffin,Muffin,900,,9,3420,1053,Debrecen,promo
244,2025-06-07,Cappuccino,Coffee,1100,,17,5440,2431,Szeged, 
245,2025-03-01,Strawberry Donut,Donut,750,,7,1820,350,Szeged,
245,2025-06-07,Americano,Coffee,900,,14,2800,770,Debrecen, 
245,2025-06-13,Espresso,Coffee,750,578.0,3,540,267,Debrecen,promo
246,2025-01-30,Espresso,Coffee,750,,11,1980,1100,Debrecen,
246,2025-02-19,Cappuccino,Coffee,1100,,11,3520,1496,Szeged,
246,2025-05-04,Cappuccino,Coffee,1100,897.0,18,5760,1656,Szeged,
247,2025-03-18,Chocolate Donut,Donut,750,,11,2970,1331,budapest,
247,2025-04-01,Blueberry Muffin,Muffin,950,700.0,1,420,93,Debrecen, 
247,2025-06-05,Strawberry Donut,Donut,750,,20,5200,1280,BUDAPEST,promo
248,2025-03-11,Espresso,Coffee,750,,16,2880,1280,BUDAPEST, 
248,2025-03-19,Chocolate Donut,Donut,750,595.0,2,540,298,Budapest,holiday promo
248,2025-01-07,Chocolate Donut,Donut,750,,17,4590,1173,Szeged,
249,2025-03-25,Chocolate Muffin,Muffin,950,872.0,17,6800,2312,budapest,
249,2025-04-10,classic donut,Donut,700,,17,4250,1088,Budapest,
249,2025-03-27,Latte,Coffee,1200,,2,700,126,BUDAPEST,
250,2025-03-21,Strawberry Donut,Donut,750,,7,1820,637,BUDAPEST,promo
250,2025-03-23,Chocolate Donut,Donut,750,,4,1080,336,BUDAPEST,
250,2025-06-09,Espresso,Coffee,750,,4,720,304,Debrecen,promo
251,2025-02-06,Chocolate Muffin,Muffin,950,,10,4000,1230,Budapest,promo
251,2025-03-28,strawberry donut,Donut,750,,2,520,132,Budapest,
251,2025-01-14,Vanilla Muffin,Muffin,900,718.0,20,7600,2500,Szeged,
252,2025-03-21,Blueberry Muffin,Muffin,950,,7,2940,987,Debrecen,
252,2025-05-26,Classic Donut,Donut,700,632.0,15,3750,930,Szeged,holiday promo
252,2025-02-27,Americano,Coffee,900,832.0,9,1800,864,BUDAPEST,promo
253,2025-05-05,Classic Donut,Donut,700,573.0,12,3000,1332,budapest,promo
253,2025-06-04,Blueberry Muffin,Muffin,950,,17,7140,1071,Budapest,promo
253,2025-06-16,Chocolate Donut,Donut,750,582.0,15,4050,1515,budapest,
254,2025-05-21,Americano,Coffee,900,739.0,3,600,279,Debrecen,holiday promo
254,2025-05-26,Vanilla Muffin,Muffin,900,,18,6840,2484,Budapest,
254,2025-01-30,Classic Donut,Donut,700,,15,3750,1365,Szeged, 
255,2025-04-14,Chocolate Muffin,Muffin,950,691.0,20,8000,2960,BUDAPEST,holiday promo
255,2025-01-24,Espresso,Coffee,750,551.0,19,3420,2774,Budapest, 
255,2025-04-26,Cappuccino,Coffee,1100,,13,4160,1664,budapest, 
256,2025-03-18,Blueberry Muffin,Muffin,950,,10,4200,1050,BUDAPEST,
256,2025-01-03,Strawberry Donut,Donut,750,,17,4420,1717,BUDAPEST,
256,2025-05-21,Blueberry Muffin,Muffin,950,,1,420,140,BUDAPEST,
257,2025-01-08,Chocolate Muffin,Muffin,950,832.0,13,5200,1690,Szeged,holiday promo
257,2025-04-22,Vanilla Muffin,Muffin,900,,6,2280,660,Debrecen,holiday promo
257,2025-04-17,blueberry muffin,Muffin,950,902.0,5,2100,335,Budapest, 
258,2025-06-18,Classic Donut,Donut,700,,5,1250,300,Szeged,holiday promo
258,2025-04-19,Strawberry Donut,Donut,750,,15,3900,1725,Szeged,holiday promo
258,2025-02-27,Blueberry Muffin,Muffin,950,809.0,19,7980,2147,budapest,
259,2025-04-16,chocolate muffin,Muffin,950,,19,7600,1824,Budapest,
259,2025-06-30,Classic Donut,Donut,700,,19,4750,2109,Budapest, 
259,2025-03-13,Chocolate Donut,Donut,750,,3,810,348,Budapest, 
260,2025-06-11,Classic Donut,Donut,700,,3,750,411,Debrecen,promo
260,2025-01-14,strawberry donut,Donut,750,,18,4680,2682,Szeged,
260,2025-05-27,Classic Donut,Donut,700,,14,3500,1330,BUDAPEST,promo
261,2025-01-10,Cappuccino,Coffee,1100,,20,6400,2900,Debrecen,promo
261,2025-06-11,Espresso,Coffee,750,,6,1080,738,BUDAPEST,
261,2025-03-15,Espresso,Coffee,750,,5,900,570,BUDAPEST,promo
262,2025-06-07,Cappuccino,Coffee,1100,,9,2880,459,Debrecen, 
262,2025-02-08,Strawberry Donut,Donut,750,,12,3120,864,budapest,holiday promo
262,2025-05-16,Cappuccino,Coffee,1100,,11,3520,660,Debrecen, 
263,2025-04-16,Classic Donut,Donut,700,,8,2000,1072,budapest, 
263,2025-03-30,Strawberry Donut,Donut,750,575.0,4,1040,224,Szeged,holiday promo
263,2025-05-02,Chocolate Muffin,Muffin,950,,18,7200,1422,Szeged,holiday promo
264,2025-02-07,Chocolate Muffin,Muffin,950,,14,5600,714,Szeged,holiday promo
264,2025-05-16,Blueberry Muffin,Muffin,950,,2,840,124,BUDAPEST,holiday promo
264,2025-06-16,Strawberry Donut,Donut,750,,11,2860,924,Budapest,promo
265,2025-04-11,Strawberry Donut,Donut,750,,8,2080,1144,budapest,
265,2025-06-23,Blueberry Muffin,Muffin,950,,6,2520,540,Budapest,
265,2025-04-16,Espresso,Coffee,750,544.0,15,2700,1410,BUDAPEST,promo
266,2025-01-09,Americano,Coffee,900,651.0,20,4000,2680,budapest,
266,2025-01-31,Latte,Coffee,1200,1021.0,13,4550,1742,Debrecen, 
266,2025-06-28,Latte,Coffee,1200,928.0,3,1050,393,BUDAPEST,holiday promo
267,2025-03-07,Blueberry Muffin,Muffin,950,683.0,2,840,196,Budapest,promo
267,2025-02-15,Chocolate Muffin,Muffin,950,,16,6400,1200,budapest,holiday promo
267,2025-02-06,Latte,Coffee,1200,,14,4900,1078,Budapest,holiday promo
268,2025-01-27,Chocolate Muffin,Muffin,950,682.0,9,3600,1341,Szeged, 
268,2025-01-10,Espresso,Coffee,750,,9,1620,621,Szeged,
268,2025-05-12,Espresso,Coffee,750,,16,2880,1776,Budapest,
269,2025-01-01,Americano,Coffee,900,,16,3200,1040,BUDAPEST,promo
269,2025-04-13,Chocolate Muffin,Muffin,950,902.0,3,1200,288,BUDAPEST,
269,2025-03-16,classic donut,Donut,700,,6,1500,720,Szeged, 
270,2025-06-28,Chocolate Muffin,Muffin,950,,4,1600,520,Szeged,
270,2025-02-18,Classic Donut,Donut,700,524.0,19,4750,1520,Budapest,
270,2025-05-08,chocolate muffin,Muffin,950,,15,6000,780,Budapest,promo
271,2025-04-14,Espresso,Coffee,750,676.0,17,3060,1836,Debrecen, 
271,2025-03-01,Strawberry Donut,Donut,750,,2,520,288,Budapest,holiday promo
271,2025-01-12,Strawberry Donut,Donut,750,647.0,1,260,72,BUDAPEST,
272,2025-06-06,Classic Donut,Donut,700,593.0,4,1000,256,Debrecen, 
272,2025-02-21,Latte,Coffee,1200,,13,4550,1183,Debrecen,
272,2025-03-24,cappuccino,Coffee,1100,,7,2240,1029,budapest,promo
273,2025-01-31,Latte,Coffee,1200,,14,4900,994,Debrecen, 
273,2025-03-04,Classic Donut,Donut,700,,2,500,134,Debrecen,holiday promo
273,2025-01-05,cappuccino,Coffee,1100,,3,960,150,Budapest,
274,2025-04-17,Chocolate Muffin,Muffin,950,,16,6400,2208,budapest,promo
274,2025-04-26,Chocolate Donut,Donut,750,,6,1620,768,Debrecen, 
274,2025-06-06,Classic Donut,Donut,700,,10,2500,940,Debrecen, 
275,2025-01-31,Americano,Coffee,900,,4,800,516,Debrecen,
275,2025-04-29,Americano,Coffee,900,,7,1400,595,Budapest, 
275,2025-05-08,Classic Donut,Donut,700,607.0,2,500,112,BUDAPEST, 
276,2025-03-06,Vanilla Muffin,Muffin,900,,15,5700,825,Budapest,
276,2025-02-10,Cappuccino,Coffee,1100,,16,5120,1840,budapest,holiday promo
276,2025-05-29,Strawberry Donut,Donut,750,,7,1820,1015,BUDAPEST, 
277,2025-03-25,Latte,Coffee,1200,911.0,14,4900,1050,budapest,
277,2025-05-30,Classic Donut,Donut,700,,14,3500,952,Debrecen,holiday promo
277,2025-04-10,Cappuccino,Coffee,1100,,15,4800,2130,BUDAPEST,promo
278,2025-03-27,Americano,Coffee,900,786.0,2,400,170,Szeged,holiday promo
278,2025-02-13,Vanilla Muffin,Muffin,900,,8,3040,696,Debrecen, 
278,2025-05-22,Strawberry Donut,Donut,750,,3,780,306,Szeged, 
279,2025-05-02,Strawberry Donut,Donut,750,,9,2340,459,budapest, 
279,2025-04-22,Blueberry Muffin,Muffin,950,,19,7980,1311,Budapest,holiday promo
279,2025-01-11,Espresso,Coffee,750,,17,3060,918,Szeged,holiday promo
280,2025-04-26,Latte,Coffee,1200,,3,1050,363,Szeged, 
280,2025-04-02,Cappuccino,Coffee,1100,,3,960,156,BUDAPEST, 
280,2025-05-27,Classic Donut,Donut,700,,1,250,108,budapest,holiday promo
281,2025-04-05,Cappuccino,Coffee,1100,,1,320,130,BUDAPEST,
281,2025-03-17,Espresso,Coffee,750,,9,1620,1251,Debrecen,
281,2025-06-25,Americano,Coffee,900,828.0,2,400,230,BUDAPEST,
282,2025-04-09,Latte,Coffee,1200,,20,7000,1100,budapest,
282,2025-05-24,Latte,Coffee,1200,,7,2450,469,budapest,
282,2025-06-16,Latte,Coffee,1200,,19,6650,2641,budapest,promo
283,2025-03-10,Blueberry Muffin,Muffin,950,,14,5880,1190,BUDAPEST,promo
283,2025-05-05,Classic Donut,Donut,700,,4,1000,440,Debrecen,promo
283,2025-06-08,Classic Donut,Donut,700,,3,750,222,Szeged,
284,2025-04-11,Latte,Coffee,1200,,10,3500,590,BUDAPEST,
284,2025-05-08,Cappuccino,Coffee,1100,826.0,1,320,87,Debrecen, 
284,2025-03-30,Classic Donut,Donut,700,,1,250,87,Budapest, 
285,2025-06-15,Chocolate Donut,Donut,750,,19,5130,1767,BUDAPEST,holiday promo
285,2025-06-20,Strawberry Donut,Donut,750,,18,4680,1908,Debrecen, 
285,2025-02-13,Chocolate Muffin,Muffin,950,,8,3200,888,BUDAPEST,
286,2025-04-01,Cappuccino,Coffee,1100,,6,1920,774,Debrecen,promo
286,2025-02-14,Cappuccino,Coffee,1100,,5,1600,350,Budapest,promo
286,2025-02-02,Strawberry Donut,Donut,750,,12,3120,876,Budapest,promo
287,2025-02-07,Blueberry Muffin,Muffin,950,,18,7560,1260,Budapest,
287,2025-05-08,Vanilla Muffin,Muffin,900,,15,5700,1350,Debrecen,
287,2025-06-15,Blueberry Muffin,Muffin,950,,16,6720,1392,Debrecen, 
288,2025-04-24,Strawberry Donut,Donut,750,,4,1040,572,Budapest, 
288,2025-01-30,Chocolate Donut,Donut,750,,13,3510,1677,Szeged,promo
288,2025-03-25,Latte,Coffee,1200,1032.0,19,6650,2223,BUDAPEST, 
289,2025-01-22,Espresso,Coffee,750,,15,2700,2040,Budapest,
289,2025-02-19,Vanilla Muffin,Muffin,900,,20,7600,2540,Budapest,promo
289,2025-02-07,Vanilla Muffin,Muffin,900,,14,5320,1358,Budapest,promo
290,2025-03-31,Blueberry Muffin,Muffin,950,,15,6300,1815,Szeged,holiday promo
290,2025-03-15,Classic Donut,Donut,700,617.0,14,3500,2002,budapest,
290,2025-01-23,Strawberry Donut,Donut,750,582.0,17,4420,1564,Debrecen,holiday promo
291,2025-01-02,Latte,Coffee,1200,,9,3150,927,Szeged,
291,2025-02-21,cappuccino,Coffee,1100,875.0,18,5760,2016,BUDAPEST,
291,2025-05-07,chocolate muffin,Muffin,950,,15,6000,1170,Budapest, 
292,2025-03-18,Chocolate Muffin,Muffin,950,,16,6400,1040,BUDAPEST,holiday promo
292,2025-05-06,Cappuccino,Coffee,1100,,8,2560,424,BUDAPEST,holiday promo
292,2025-06-03,Latte,Coffee,1200,,19,6650,2109,BUDAPEST,holiday promo
293,2025-04-06,Latte,Coffee,1200,,19,6650,988,budapest,
293,2025-02-07,Espresso,Coffee,750,,5,900,475,BUDAPEST,promo
293,2025-06-12,Vanilla Muffin,Muffin,900,,12,4560,672,Debrecen,
294,2025-02-19,Chocolate Donut,Donut,750,,6,1620,882,budapest,
294,2025-03-22,Blueberry Muffin,Muffin,950,,10,4200,840,BUDAPEST,
294,2025-05-29,Chocolate Donut,Donut,750,,5,1350,255,BUDAPEST,promo
295,2025-04-16,Classic Donut,Donut,700,,6,1500,378,Debrecen, 
295,2025-05-24,Americano,Coffee,900,,17,3400,2006,Budapest,holiday promo
295,2025-01-20,Classic Donut,Donut,700,513.0,1,250,111,BUDAPEST, 
296,2025-06-02,Classic Donut,Donut,700,,11,2750,792,Budapest,
296,2025-02-02,Americano,Coffee,900,,5,1000,690,budapest, 
296,2025-01-21,cappuccino,Coffee,1100,,4,1280,236,Szeged,holiday promo
297,2025-02-20,Espresso,Coffee,750,674.0,17,3060,2125,Budapest,promo
297,2025-01-17,Espresso,Coffee,750,,1,180,146,Budapest,
297,2025-05-31,Americano,Coffee,900,,6,1200,810,Budapest, 
298,2025-05-29,Chocolate Muffin,Muffin,950,,6,2400,684,Debrecen, 
298,2025-05-26,Chocolate Donut,Donut,750,679.0,1,270,117,budapest,promo
298,2025-05-18,Cappuccino,Coffee,1100,969.0,7,2240,798,Szeged,promo
299,2025-02-17,Strawberry Donut,Donut,750,,4,1040,292,Szeged,holiday promo
299,2025-05-12,Americano,Coffee,900,655.0,11,2200,715,Debrecen, 
299,2025-04-03,classic donut,Donut,700,,18,4500,2556,BUDAPEST,holiday promo
300,2025-04-09,Latte,Coffee,1200,,20,7000,2880,Szeged, 
300,2025-04-15,Chocolate Donut,Donut,750,,14,3780,1036,Szeged,promo
300,2025-01-04,Cappuccino,Coffee,1100,,16,5120,2176,Szeged,
301,2025-01-31,Latte,Coffee,1200,960.0,19,6650,1197,budapest,
301,2025-02-20,Blueberry Muffin,Muffin,950,,20,8400,2020,Szeged,holiday promo
301,2025-05-29,Chocolate Muffin,Muffin,950,,13,5200,1235,Debrecen,holiday promo
302,2025-05-11,Classic Donut,Donut,700,,15,3750,945,Szeged,holiday promo
302,2025-06-10,Americano,Coffee,900,,1,200,62,Budapest,holiday promo
302,2025-02-15,Espresso,Coffee,750,,11,1980,759,Debrecen,
303,2025-06-19,Latte,Coffee,1200,,16,5600,1744,Szeged,holiday promo
303,2025-03-08,chocolate donut,Donut,750,,18,4860,2142,Budapest,holiday promo
303,2025-04-09,Latte,Coffee,1200,,13,4550,1378,Budapest, 
304,2025-06-18,Chocolate Donut,Donut,750,,10,2700,1400,Szeged, 
304,2025-04-10,Chocolate Muffin,Muffin,950,,4,1600,488,Debrecen,
304,2025-05-01,Strawberry Donut,Donut,750,,6,1560,684,BUDAPEST,holiday promo
305,2025-04-07,Strawberry Donut,Donut,750,,12,3120,1776,BUDAPEST,
305,2025-06-01,Espresso,Coffee,750,682.0,12,2160,1728,BUDAPEST,holiday promo
305,2025-04-20,Latte,Coffee,1200,,12,4200,1224,budapest, 
306,2025-06-15,Americano,Coffee,900,,3,600,414,BUDAPEST,
306,2025-02-13,Blueberry Muffin,Muffin,950,742.0,15,6300,2010,Debrecen,
306,2025-03-10,Vanilla Muffin,Muffin,900,736.0,1,380,90,Szeged,promo
307,2025-01-26,Strawberry Donut,Donut,750,,4,1040,552,BUDAPEST,holiday promo
307,2025-06-20,Chocolate Donut,Donut,750,,20,5400,1760,Szeged, 
307,2025-06-12,Classic Donut,Donut,700,,3,750,354,BUDAPEST,
308,2025-05-27,Chocolate Muffin,Muffin,950,,8,3200,1032,Budapest,
308,2025-06-01,Latte,Coffee,1200,,3,1050,366,Szeged,holiday promo
308,2025-03-30,Americano,Coffee,900,,10,2000,1140,Szeged,
309,2025-02-21,Blueberry Muffin,Muffin,950,,9,3780,1161,Debrecen, 
309,2025-06-10,Espresso,Coffee,750,,6,1080,738,Szeged,promo
309,2025-06-07,Chocolate Donut,Donut,750,,14,3780,1708,Budapest,
310,2025-04-04,Americano,Coffee,900,,8,1600,552,BUDAPEST,holiday promo
310,2025-03-23,Vanilla Muffin,Muffin,900,,3,1140,393,Szeged,promo
310,2025-06-15,Chocolate Muffin,Muffin,950,828.0,8,3200,808,budapest, 
311,2025-03-04,Espresso,Coffee,750,,10,1800,1090,Szeged,holiday promo
311,2025-02-21,Espresso,Coffee,750,551.0,9,1620,765,budapest,
311,2025-01-06,Classic Donut,Donut,700,647.0,11,2750,1397,Budapest,holiday promo
312,2025-06-21,Blueberry Muffin,Muffin,950,,3,1260,300,budapest, 
312,2025-05-27,Latte,Coffee,1200,,4,1400,464,Debrecen,
312,2025-05-08,Chocolate Muffin,Muffin,950,,8,3200,1008,BUDAPEST,promo
313,2025-04-10,Strawberry Donut,Donut,750,,8,2080,832,Budapest, 
313,2025-03-12,Americano,Coffee,900,,9,1800,1125,Debrecen,promo
313,2025-03-23,Latte,Coffee,1200,,16,5600,2192,BUDAPEST, 
314,2025-05-02,Blueberry Muffin,Muffin,950,,10,4200,520,Debrecen,
314,2025-06-26,Espresso,Coffee,750,,8,1440,656,BUDAPEST,promo
314,2025-05-17,latte,Coffee,1200,,15,5250,1485,Szeged,promo
315,2025-01-24,Chocolate Muffin,Muffin,950,,8,3200,704,budapest,holiday promo
315,2025-06-14,Blueberry Muffin,Muffin,950,,2,840,170,Szeged,holiday promo
315,2025-03-27,Vanilla Muffin,Muffin,900,,4,1520,280,Debrecen,
316,2025-04-18,Blueberry Muffin,Muffin,950,,18,7560,2592,Budapest,
316,2025-06-11,Cappuccino,Coffee,1100,,5,1600,250,BUDAPEST,promo
316,2025-01-22,Strawberry Donut,Donut,750,572.0,5,1300,630,BUDAPEST,holiday promo
317,2025-02-04,Classic Donut,Donut,700,,19,4750,1729,budapest,
317,2025-04-05,vanilla muffin,Muffin,900,827.0,19,7220,1482,Budapest,
317,2025-06-10,Strawberry Donut,Donut,750,542.0,15,3900,1125,budapest,
318,2025-06-08,Vanilla Muffin,Muffin,900,,9,3420,621,BUDAPEST, 
318,2025-01-31,Strawberry Donut,Donut,750,624.0,15,3900,2040,budapest, 
318,2025-03-10,Americano,Coffee,900,,16,3200,1568,budapest,
319,2025-03-14,Americano,Coffee,900,,7,1400,721,budapest,
319,2025-03-09,Chocolate Muffin,Muffin,950,772.0,8,3200,776,Szeged,
319,2025-05-01,Espresso,Coffee,750,586.0,13,2340,1781,Szeged,holiday promo
320,2025-03-07,Strawberry Donut,Donut,750,629.0,2,520,184,Szeged,promo
320,2025-06-21,Strawberry Donut,Donut,750,,20,5200,2800,Budapest,
320,2025-05-10,Chocolate Muffin,Muffin,950,,10,4000,1000,budapest,
321,2025-05-29,Espresso,Coffee,750,557.0,16,2880,1488,budapest,
321,2025-05-16,Blueberry Muffin,Muffin,950,,9,3780,576,budapest,holiday promo
321,2025-04-03,Chocolate Muffin,Muffin,950,,10,4000,830,BUDAPEST,
322,2025-04-22,Blueberry Muffin,Muffin,950,,11,4620,1584,budapest,
322,2025-01-14,Classic Donut,Donut,700,500.0,6,1500,324,budapest,holiday promo
322,2025-01-30,Vanilla Muffin,Muffin,900,,16,6080,880,Debrecen,holiday promo
323,2025-05-07,Classic Donut,Donut,700,616.0,5,1250,325,budapest,promo
323,2025-02-13,Cappuccino,Coffee,1100,,9,2880,1098,Debrecen, 
323,2025-01-02,Strawberry Donut,Donut,750,,19,4940,1387,Budapest, 
324,2025-06-23,Classic Donut,Donut,700,548.0,10,2500,1370,Budapest,holiday promo
324,2025-06-01,Blueberry Muffin,Muffin,950,,4,1680,364,Budapest,holiday promo
324,2025-04-27,Classic Donut,Donut,700,,9,2250,1134,BUDAPEST,
325,2025-04-26,Strawberry Donut,Donut,750,,19,4940,1254,Budapest,promo
325,2025-01-15,Blueberry Muffin,Muffin,950,,18,7560,2286,Szeged,promo
325,2025-03-03,cappuccino,Coffee,1100,,13,4160,793,budapest, 
326,2025-04-14,Vanilla Muffin,Muffin,900,,5,1900,325,Szeged,promo
326,2025-02-03,Strawberry Donut,Donut,750,,4,1040,388,Szeged,holiday promo
326,2025-05-02,Vanilla Muffin,Muffin,900,,20,7600,2080,Szeged,promo
327,2025-02-17,strawberry donut,Donut,750,,14,3640,854,BUDAPEST,holiday promo
327,2025-06-15,Americano,Coffee,900,,5,1000,565,Debrecen,
327,2025-04-30,Chocolate Muffin,Muffin,950,,16,6400,1408,budapest,promo
328,2025-05-14,Americano,Coffee,900,,19,3800,1064,Budapest,
328,2025-05-11,Latte,Coffee,1200,,4,1400,436,Debrecen,promo
328,2025-03-07,Blueberry Muffin,Muffin,950,,17,7140,884,Szeged, 
329,2025-04-11,Cappuccino,Coffee,1100,884.0,10,3200,900,Szeged,holiday promo
329,2025-03-09,Strawberry Donut,Donut,750,,6,1560,462,Debrecen,promo
329,2025-04-22,Latte,Coffee,1200,,1,350,100,budapest,holiday promo
330,2025-06-27,Classic Donut,Donut,700,,20,5000,2840,Debrecen,
330,2025-06-26,Blueberry Muffin,Muffin,950,,13,5460,1144,budapest,
330,2025-01-29,Americano,Coffee,900,,7,1400,371,budapest, 
331,2025-06-10,Vanilla Muffin,Muffin,900,,18,6840,1332,Szeged, 
331,2025-04-19,Classic Donut,Donut,700,519.0,5,1250,720,Szeged,holiday promo
331,2025-04-26,Espresso,Coffee,750,,7,1260,609,Szeged,
332,2025-01-03,Blueberry Muffin,Muffin,950,866.0,14,5880,1442,Debrecen,
332,2025-03-16,Chocolate Donut,Donut,750,600.0,17,4590,2125,Szeged, 
332,2025-05-16,Espresso,Coffee,750,633.0,18,3240,1044,Szeged,holiday promo
333,2025-05-07,Latte,Coffee,1200,,12,4200,1284,Budapest, 
